Game Mode,Hangman Word,Word Length,Total Incorrect Guesses,Result
Simulation,languette,9,1,Win
Simulation,bioscientists,13,2,Win
Simulation,sphincteric,11,2,Win
Simulation,blackpolls,10,7,Lose
Simulation,titles,6,4,Win
Simulation,pilchard,8,5,Win
Simulation,summarises,10,3,Win
Simulation,urushiols,9,4,Win
Simulation,conations,9,1,Win
Simulation,archfiend,9,3,Win
Simulation,depaint,7,2,Win
Simulation,nankin,6,4,Win
Simulation,chaotically,11,6,Win
Simulation,cashaws,7,7,Lose
Simulation,paca,4,0,Win
Simulation,postadolescent,14,4,Win
Simulation,denotements,11,3,Win
Simulation,resecuring,10,3,Win
Simulation,forereaches,11,4,Win
Simulation,resecuring,10,3,Win
Simulation,suavely,7,7,Lose
Simulation,chidingly,9,6,Win
Simulation,unacerbic,9,7,Lose
Simulation,janizary,8,3,Win
Simulation,signalments,11,2,Win
Simulation,candlelight,11,3,Win
Simulation,pepsines,8,4,Win
Simulation,soapsudsy,9,6,Win
Simulation,cloudberry,10,7,Lose
Simulation,jungled,7,7,Lose
Simulation,aestheticizing,14,2,Win
Simulation,entangling,10,2,Win
Simulation,bourguignon,11,7,Lose
Simulation,quoiting,8,3,Win
Simulation,reaffirms,9,3,Win
Simulation,unacerbic,9,7,Lose
Simulation,primatals,9,3,Win
Simulation,backstabbers,12,7,Lose
Simulation,bisection,9,2,Win
Simulation,kilomole,8,7,Lose
Simulation,resinous,8,2,Win
Simulation,queued,6,7,Lose
Simulation,pathogenetic,12,2,Win
Simulation,backstabbers,12,7,Lose
Simulation,reaffirms,9,3,Win
Simulation,teabowls,8,4,Win
Simulation,corsair,7,4,Win
Simulation,camps,5,7,Lose
Simulation,recounted,9,2,Win
Simulation,dismayingly,11,7,Lose
Simulation,tineids,7,3,Win
Simulation,bawd,4,7,Lose
Simulation,stand,5,4,Win
Simulation,contiguously,12,5,Win
Simulation,hightops,8,5,Win
Simulation,unbolted,8,2,Win
Simulation,contiguously,12,5,Win
Simulation,whitethroat,11,2,Win
Simulation,recounted,9,2,Win
Simulation,camps,5,7,Lose
Simulation,geological,10,7,Lose
Simulation,jaywalking,10,7,Lose
Simulation,discarnate,10,2,Win
Simulation,gulfiest,8,4,Win
Simulation,broadening,10,2,Win
Simulation,belon,5,2,Win
Simulation,misgrafted,10,3,Win
Simulation,flirtations,11,1,Win
Simulation,write,5,3,Win
Simulation,belon,5,2,Win
Simulation,euphausid,9,4,Win
Simulation,conceptional,12,4,Win
Simulation,inconceivable,13,6,Win
Simulation,escadrilles,11,4,Win
Simulation,wiver,5,4,Win
Simulation,dazzlingly,10,7,Lose
Simulation,satisficing,11,3,Win
Simulation,loach,5,6,Win
Simulation,unridable,9,4,Win
Simulation,abstrusenesses,14,2,Win
Simulation,squamosal,9,7,Lose
Simulation,bilanders,9,2,Win
Simulation,euphausid,9,4,Win
Simulation,euphausid,9,4,Win
Simulation,write,5,3,Win
Simulation,tramels,7,2,Win
Simulation,trientes,8,2,Win
Simulation,squamosal,9,7,Lose
Simulation,unridable,9,4,Win
Simulation,arose,5,1,Win
Singleplayer,premeditators,13,0,Win
Simulation,focalises,9,3,Win
Simulation,plexus,6,7,Lose
Simulation,winsomeness,11,3,Win
Simulation,chrestomathies,14,1,Win
Simulation,indagators,10,1,Win
Simulation,defamatory,10,4,Win
Simulation,peculia,7,7,Lose
Simulation,sniffed,7,4,Win
Simulation,cioppino,8,4,Win
Simulation,blastocoele,11,5,Win
Simulation,groomsman,9,3,Win
Simulation,sidestepped,11,5,Win
Simulation,groomsman,9,3,Win
Simulation,replunged,9,6,Win
Simulation,pekan,5,2,Win
Simulation,southed,7,4,Win
Simulation,soporific,9,4,Win
Simulation,avers,5,3,Win
Simulation,overstrewn,10,1,Win
Simulation,radiotelemetric,15,3,Win
Simulation,towlines,8,2,Win
Simulation,unhappily,9,7,Lose
Simulation,resites,7,3,Win
Simulation,abrogators,10,2,Win
Simulation,preened,7,3,Win
Simulation,beefcake,8,7,Lose
Simulation,unsaved,7,4,Win
Simulation,beefcake,8,7,Lose
Simulation,resmoothing,11,1,Win
Simulation,preened,7,3,Win
Simulation,chortlers,9,3,Win
Simulation,wolfhound,9,6,Win
Simulation,swans,5,5,Win
Simulation,midfield,8,7,Lose
Simulation,monosomic,9,4,Win
Simulation,mischooses,10,4,Win
Simulation,chortlers,9,3,Win
Simulation,belows,6,7,Lose
Simulation,granulites,10,1,Win
Simulation,quebracho,9,7,Lose
Simulation,corporeality,12,5,Win
Simulation,haftarot,8,3,Win
Simulation,enlarger,8,4,Win
Simulation,raffler,7,5,Win
Simulation,muskroots,9,4,Win
Simulation,percussionists,14,1,Win
Simulation,espied,6,6,Win
Simulation,outrivalled,11,3,Win
Simulation,bopped,6,7,Lose
Simulation,periodicity,11,5,Win
Simulation,pulse,5,6,Win
Simulation,functionality,13,5,Win
Simulation,scullery,8,7,Lose
Simulation,bluenosed,9,4,Win
Simulation,salving,7,5,Win
Simulation,kaiserin,8,2,Win
Simulation,biophysical,11,6,Win
Simulation,bounteousness,13,3,Win
Simulation,urinated,8,1,Win
Simulation,epidermis,9,4,Win
Simulation,outpaint,8,1,Win
Simulation,bewilderment,12,4,Win
Simulation,valorization,12,1,Win
Simulation,nongreen,8,2,Win
Simulation,dynamically,11,7,Lose
Simulation,polkaing,8,6,Win
Multiplayer,discombobulate,14,0,Win
Singleplayer,stippling,9,7,Lose
Singleplayer,blurred,7,7,Lose
Singleplayer,sonorously,10,7,Lose
Simulation,affine,6,3,Win
Simulation,midtown,7,3,Win
Simulation,tougher,7,2,Win
Simulation,recoil,6,3,Win
Simulation,localizability,14,7,Lose
Simulation,affine,6,3,Win
Simulation,resistively,11,3,Win
Simulation,sandhi,6,4,Win
Simulation,midtown,7,3,Win
Simulation,hops,4,6,Win
Singleplayer,betaking,8,7,Lose
Singleplayer,prattled,8,7,Lose
Singleplayer,columbaries,11,3,Win
Multiplayer,fanny,5,0,Win
Simulation,uneventfulness,14,4,Win
Simulation,sufferances,11,3,Win
Simulation,bes,3,1,Win
Simulation,substance,9,3,Win
Simulation,coworkers,9,5,Win
Simulation,waggle,6,7,Lose
Simulation,flaked,6,7,Lose
Simulation,coating,7,2,Win
Simulation,yammering,9,7,Lose
Simulation,recovery,8,5,Win
Simulation,foveolae,8,1,Win
Simulation,immemorial,10,6,Win
Simulation,reexplores,10,5,Win
Simulation,gonadectomy,11,7,Lose
Simulation,garment,7,3,Win
Simulation,transhistorical,15,2,Win
Simulation,improviser,10,4,Win
Simulation,burrier,7,4,Win
Simulation,coworkers,9,5,Win
Simulation,rototillers,11,3,Win
Singleplayer,imprests,8,4,Lose
Singleplayer,baffler,7,5,Lose
Multiplayer,baffled,7,0,Win
Simulation,refacing,8,2,Win
Simulation,rhizopus,8,4,Win
Simulation,yeast,5,0,Win
Simulation,quantifying,11,5,Lose
Simulation,loca,4,2,Win
Simulation,flexible,8,5,Lose
Simulation,family,6,5,Lose
Simulation,flexible,8,5,Lose
Simulation,baffler,7,5,Lose
Simulation,venturousnesses,15,2,Win
Singleplayer,choreographing,14,5,Lose
Multiplayer,hahaha,6,0,Win
Simulation,smearing,8,2,Win
Simulation,isobarism,9,3,Win
Simulation,polaron,7,2,Win
Simulation,smearing,8,2,Win
Simulation,reinstalling,12,1,Win
Simulation,monacids,8,3,Win
Simulation,fiacres,7,3,Win
Simulation,cabrioles,9,2,Win
Simulation,overseeded,10,4,Win
Simulation,polaron,7,2,Win
Simulation,immunopathology,15,5,Lose
Simulation,rambled,7,5,Lose
Simulation,resaluted,9,3,Win
Simulation,perjuriously,12,5,Lose
Simulation,narcoleptic,11,3,Win
Simulation,smiters,7,3,Win
Simulation,sheeniest,9,3,Win
Simulation,huisache,8,4,Win
Simulation,sheeniest,9,3,Win
Simulation,relumines,9,3,Win
Singleplayer,dekkos,6,5,Lose
Multiplayer,lolpussy,8,0,Win
Simulation,boodled,7,5,Lose
Simulation,unruled,7,5,Lose
Simulation,panderers,9,2,Win
Simulation,shandy,6,5,Lose
Simulation,sulcus,6,5,Lose
Simulation,wildlings,9,5,Lose
Simulation,steeping,8,3,Win
Simulation,deranging,9,2,Win
Simulation,voices,6,4,Win
Simulation,dorsum,6,5,Lose
Simulation,unsling,7,5,Lose
Simulation,foliose,7,4,Win
Simulation,distension,10,2,Win
Simulation,nontragic,9,1,Win
Simulation,archducal,9,5,Lose
Simulation,reregulating,12,4,Win
Simulation,economised,10,3,Win
Simulation,assaultiveness,14,2,Win
Simulation,consolidator,12,1,Win
Simulation,ideologizes,11,5,Lose
Multiplayer,hello,5,0,Win
Singleplayer,brewery,7,1,Win
Multiplayer,hello,5,0,Win
Multiplayer,hello,5,0,Win
Singleplayer,relooked,8,5,Lose
Multiplayer,player,6,0,Win
Multiplayer,cow,3,0,Win
Singleplayer,waterbusses,11,1,Lose
Multiplayer,hah,3,0,Win
Simulation,pervasions,10,1,Lose
Simulation,films,5,1,Lose
Simulation,disulfirams,11,5,Win
Simulation,reappoints,10,0,Win
Simulation,steeve,6,0,Win
Singleplayer,bracelet,8,3,Lose
Multiplayer,hello,5,3,Lose
Simulation,notably,7,1,Win
Singleplayer,amorists,8,5,Lose
Multiplayer,hello,5,3,Lose
Simulation,crossbars,9,3,Lose
Simulation,enemas,6,2,Win
Singleplayer,pincheck,8,3,Lose
Multiplayer,hello,5,1,Win
Simulation,grounds,7,3,Lose
Simulation,flautist,8,3,Lose
